gbm_id,time_start,time_peak,time_end,duration,rate_peak,total,detectors,trigger,rhessi_id
150101_0459|2015/01/01 04:59:29.000|2015/01/02 05:01:13.000|2015/01/02 05:03:24.000|236|2558|121242|n5 n4 n2 n1||
150102_0435|2015/01/02 04:35:56.000|2015/01/03 04:36:09.000|2015/01/03 04:36:09.000|12|2304|8859|n5 n3 n1 n0||
150102_1407|2015/01/02 14:07:36.000|2015/01/03 14:08:01.000|2015/01/03 14:08:58.000|82|4112|31239|n5 n3 n1 n0||
150103_0115|2015/01/03 01:15:32.000|2015/01/04 01:16:45.000|2015/01/04 01:19:05.000|213|1715|57557|n5 n1 n3 n0||
150103_0603|2015/01/03 06:03:21.000|2015/01/04 06:04:10.000|2015/01/04 06:12:34.000|553|7079|189141|n5 n3 n1 n0||15010324
150103_0614|2015/01/03 06:14:00.000|2015/01/04 06:16:56.000|2015/01/04 06:18:42.000|283|6808|175115|n5 n4 n2 n3||15010324
150103_0714|2015/01/03 07:14:06.000|2015/01/04 07:21:33.000|2015/01/04 07:24:37.000|631|1655|590190|n1 n3 n0 n5||
150103_1038|2015/01/03 10:38:28.000|2015/01/04 10:39:09.000|2015/01/04 10:40:30.000|123|2885|44623|n1 n3 n0 n5||
150103_1041|2015/01/03 10:41:44.000|2015/01/04 10:41:54.000|2015/01/04 10:44:08.000|144|2927|227206|n1 n3 n5 n0||
150103_1048|2015/01/03 10:48:29.000|2015/01/04 10:48:38.000|2015/01/04 10:48:47.000|17|3780|41005|n5 n1 n3 n0||
150104_0037|2015/01/04 00:37:19.000|2015/01/05 00:39:14.000|2015/01/05 00:50:01.000|762|2346|257088|n5 n3 n1 n0||
150104_1520|2015/01/04 15:20:29.000|2015/01/05 15:33:48.000|2015/01/05 15:40:42.000|1212|30945|2866399|n5 n1 n3 n4||15010438
150104_1617|2015/01/04 16:17:38.000|2015/01/05 16:39:00.000|2015/01/05 16:41:40.000|1442|1705|273904|n5 n3 n1 n0||
150104_2122|2015/01/04 21:22:26.000|2015/01/05 21:22:59.000|2015/01/05 21:25:06.000|160|3813|69685|n1 n3 n5 n0||
150105_0039|2015/01/05 00:39:36.000|2015/01/06 00:40:25.000|2015/01/06 00:42:07.000|152|1911|49693|n1 n3 n0 n5||
150105_0206|2015/01/05 02:06:50.000|2015/01/06 02:08:57.000|2015/01/06 02:10:15.000|205|5807|109406|n5 n3 n1 n0||
150105_1509|2015/01/05 15:09:20.000|2015/01/06 15:09:36.000|2015/01/06 15:14:19.000|299|1113|66079|n5 n3 n1 n0||15010536
150105_1742|2015/01/05 17:42:33.000|2015/01/06 17:44:15.000|2015/01/06 18:12:07.000|1774|11726|1037649|n5 n4 n2 n1||15010540
150105_2307|2015/01/05 23:07:49.000|2015/01/06 23:12:44.000|2015/01/06 23:23:51.000|963|25778|1335122|n5 n1 n3 n0||15010549
150106_0517|2015/01/06 05:17:39.000|2015/01/07 05:20:15.000|2015/01/07 05:48:22.000|1843|7516|1112817|n5 n1 n3 n4||15010608
150106_1142|2015/01/06 11:42:16.000|2015/01/07 11:46:18.000|2015/01/07 11:58:24.000|968|74605|9242317|n1 n3 n0 n5|bn150106490|15010623
150107_1145|2015/01/07 11:45:18.000|2015/01/08 11:47:46.000|2015/01/08 11:56:01.000|643|14377|554777|n5 n3 n1 n4||15010727
150107_1457|2015/01/07 14:57:58.000|2015/01/08 14:58:59.000|2015/01/08 15:02:04.000|246|7445|173361|n5 n3 n1 n4||
150108_0023|2015/01/08 00:23:10.000|2015/01/09 00:23:39.000|2015/01/09 00:24:32.000|82|2152|27923|n5 n3 n1 n4||15010802
150108_0438|2015/01/08 04:38:07.000|2015/01/09 04:38:07.000|2015/01/09 04:40:34.000|147|15470|216585|n5 n1 n3 n4||15010812
150108_1544|2015/01/08 15:44:36.000|2015/01/09 15:45:38.000|2015/01/09 15:50:08.000|332|1565|83682|n5 n3 n1 n4||15010844
150109_0427|2015/01/09 04:27:38.000|2015/01/10 04:27:38.000|2015/01/10 04:29:08.000|90|12188|170282|n5 n3 n1 n4||15010912
150109_0806|2015/01/09 08:06:38.000|2015/01/10 08:12:50.000|2015/01/10 08:29:09.000|1352|21047|1601114|n5 n3 n1 n4||15010925
150109_1737|2015/01/09 17:37:32.000|2015/01/10 17:38:26.000|2015/01/10 17:40:20.000|168|1832|59919|n5 n3 n1 n4||
150109_2218|2015/01/09 22:18:44.000|2015/01/10 22:19:09.000|2015/01/10 22:29:03.000|619|1624|158313|n0 n1 n3 n6||15010942
150110_0145|2015/01/10 01:45:31.000|2015/01/11 01:46:53.000|2015/01/11 01:52:58.000|446|5436|172243|n5 n1 n3 n0||15011004
150110_1117|2015/01/10 11:17:23.000|2015/01/11 11:21:04.000|2015/01/11 11:29:52.000|750|4046|322583|n5 n1 n3 n0||
150111_0230|2015/01/11 02:30:31.000|2015/01/12 02:32:42.000|2015/01/12 02:55:01.000|1470|1656|293106|n5 n1 n3 n4||15011106
150111_0546|2015/01/11 05:46:36.000|2015/01/12 05:46:36.000|2015/01/12 05:49:20.000|164|948|25630|n5 n1 n3 n0||15011115
150111_0905|2015/01/11 09:05:21.000|2015/01/12 09:15:39.000|2015/01/12 09:30:40.000|1520|1505|365211|n0 n1 n3 n6||15011123
150112_0219|2015/01/12 02:19:15.000|2015/01/13 02:20:33.000|2015/01/13 02:26:13.000|418|2309|116266|n5 n3 n1 n4||15011207
150112_0427|2015/01/12 04:27:32.000|2015/01/13 04:30:57.000|2015/01/13 04:36:49.000|557|5892|304381|n0 n1 n3 n5||
150112_0744|2015/01/12 07:44:47.000|2015/01/13 07:49:58.000|2015/01/13 07:52:17.000|451|4272|227249|n5 n1 n3 n0||
150112_1242|2015/01/12 12:42:24.000|2015/01/13 12:42:53.000|2015/01/13 12:43:30.000|66|1899|14920|n5 n4 n2 n3||
150112_1455|2015/01/12 14:55:54.000|2015/01/13 15:10:30.000|2015/01/13 15:12:04.000|971|950|137097|n5 n4 n2 n3||15011240
150113_0415|2015/01/13 04:15:13.000|2015/01/14 04:21:36.000|2015/01/14 04:39:04.000|1430|364968|101951816|n5 n4 n2 n3|bn150113180|
150113_0524|2015/01/13 05:24:32.000|2015/01/14 05:24:45.000|2015/01/14 05:33:41.000|549|720|53020|n5 n1 n3 n4||15011306
150113_0533|2015/01/13 05:33:58.000|2015/01/14 05:38:40.000|2015/01/14 05:39:13.000|315|694|45860|n0 n1 n3 n6||15011306
150113_1311|2015/01/13 13:11:22.000|2015/01/14 13:12:32.000|2015/01/14 13:16:29.000|307|4563|108158|n5 n1 n3 n4||15011319
150113_2303|2015/01/13 23:03:52.000|2015/01/14 23:04:17.000|2015/01/14 23:06:11.000|139|2423|53234|n5 n4 n3 n1||
150114_0156|2015/01/14 01:56:13.000|2015/01/15 01:56:40.000|2015/01/15 01:56:59.000|47|4046|40081|n5 n1 n3 n0|bn150114081|15011408
150114_0227|2015/01/14 02:27:13.000|2015/01/15 02:29:08.000|2015/01/15 02:37:52.000|639|20749|748160|n5 n3 n1 n4||
150114_0335|2015/01/14 03:35:48.000|2015/01/15 03:43:35.000|2015/01/15 03:56:58.000|1270|45701|2972911|n1 n3 n0 n5||15011416
150114_0841|2015/01/14 08:41:27.000|2015/01/15 08:43:24.000|2015/01/15 08:50:01.000|514|6197|845653|n5 n3 n1 n4|bn150114363|
150114_1157|2015/01/14 11:57:02.000|2015/01/15 11:57:27.000|2015/01/15 12:01:12.000|250|2039|89948|n5 n3 n1 n4||
150114_1300|2015/01/14 13:00:23.000|2015/01/15 13:00:40.000|2015/01/15 13:12:49.000|745|5602|414246|n5 n4 n2 n1||15011435
150114_1819|2015/01/14 18:19:30.000|2015/01/15 18:20:11.000|2015/01/15 18:27:45.000|496|1563|137243|n5 n3 n1 n4||
150114_1942|2015/01/14 19:42:02.000|2015/01/15 19:42:43.000|2015/01/15 19:44:54.000|172|3814|72453|n0 n1 n3 n6||
150114_2316|2015/01/14 23:16:32.000|2015/01/15 23:20:21.000|2015/01/15 23:28:12.000|700|2323|188621|n1 n3 n0 n5||15011460
150115_0322|2015/01/15 03:22:36.000|2015/01/16 03:25:20.000|2015/01/16 03:41:59.000|1163|1770|276391|n5 n1 n3 n4||15011509
150115_1450|2015/01/15 14:50:18.000|2015/01/16 14:56:02.000|2015/01/16 15:00:49.000|631|2288|183832|n0 n6 n1 n3||
150115_1639|2015/01/15 16:39:03.000|2015/01/16 16:39:44.000|2015/01/16 16:50:44.000|700|3593|284052|n5 n4 n2 n3||15011530
150116_0320|2015/01/16 03:20:43.000|2015/01/17 03:22:01.000|2015/01/17 03:26:35.000|352|2834|80345|n1 n3 n0 n5||
150119_2045|2015/01/19 20:45:33.000|2015/01/20 20:46:55.000|2015/01/20 20:50:40.000|307|1741|71483|n0 n1 n3 n6||15011931
150120_2310|2015/01/20 23:10:15.000|2015/01/21 23:23:05.000|2015/01/21 23:23:22.000|786|905|107805|n5 n4 n2 n1||15012019
150121_1036|2015/01/21 10:36:29.000|2015/01/22 10:41:08.000|2015/01/22 10:53:29.000|1020|4013|414765|n0 n1 n3 n6||15012110
150121_1153|2015/01/21 11:53:21.000|2015/01/22 11:53:38.000|2015/01/22 11:56:50.000|209|413|14385|n5 n1 n3 n0||
150121_1526|2015/01/21 15:26:37.000|2015/01/22 15:30:27.000|2015/01/22 15:46:17.000|1180|8135|736428|n5 n4 n2 n3||15012119
150121_1639|2015/01/21 16:39:36.000|2015/01/22 16:41:35.000|2015/01/22 16:51:12.000|696|3033|222300|n5 n4 n2 n1||15012121
150122_0445|2015/01/22 04:45:58.000|2015/01/23 04:50:45.000|2015/01/23 04:51:10.000|311|9673|458072|n5 n4 n2 n1||
150122_0845|2015/01/22 08:45:02.000|2015/01/23 08:46:48.000|2015/01/23 08:50:33.000|332|3063|119847|n1 n3 n0 n5||15012218
150122_1828|2015/01/22 18:28:29.000|2015/01/23 18:29:10.000|2015/01/23 18:30:32.000|123|2169|38544|n0 n1 n3 n6||15012239
150123_0251|2015/01/23 02:51:08.000|2015/01/24 02:52:09.000|2015/01/24 02:57:41.000|393|11062|1110991|n5 n4 n2 n3|bn150123119|
150124_0735|2015/01/24 07:35:19.000|2015/01/25 07:35:35.000|2015/01/25 07:36:12.000|53|3344|24610|n5 n4 n2 n1||
150124_1018|2015/01/24 10:18:44.000|2015/01/25 10:19:17.000|2015/01/25 10:20:35.000|111|2609|36745|n5 n4 n2 n3||
150126_1649|2015/01/26 16:49:12.000|2015/01/27 16:50:38.000|2015/01/27 16:55:04.000|352|14078|474489|n5 n4 n2 n1||15012637
150127_1248|2015/01/27 12:48:41.000|2015/01/28 12:48:49.000|2015/01/28 12:49:51.000|70|1275|14705|n1 n3 n0 n5||
150127_2354|2015/01/27 23:54:28.000|2015/01/28 23:57:28.000|2015/01/28 00:03:37.000|549|5073|305945|n5 n4 n2 n3||
150128_0125|2015/01/28 01:25:13.000|2015/01/29 01:26:26.000|2015/01/29 01:29:39.000|266|1099|37597|n5 n1 n3 n0||
150128_0426|2015/01/28 04:26:49.000|2015/01/29 04:37:33.000|2015/01/29 05:08:36.000|2507|8681|1646865|n5 n1 n3 n0||15012816
150128_0519|2015/01/28 05:19:11.000|2015/01/29 05:24:06.000|2015/01/29 05:27:39.000|508|7788|612167|n5 n1 n3 n4||15012821
150128_0940|2015/01/28 09:40:35.000|2015/01/29 09:41:00.000|2015/01/29 09:41:33.000|57|2406|29252|n5 n3 n1 n4||
150128_1053|2015/01/28 10:53:05.000|2015/01/29 10:53:34.000|2015/01/29 10:56:59.000|233|1253|48387|n5 n4 n2 n3||
150128_1308|2015/01/28 13:08:40.000|2015/01/29 13:10:02.000|2015/01/29 13:12:21.000|221|1756|62430|n5 n1 n3 n4||
150129_0250|2015/01/29 02:50:05.000|2015/01/30 02:51:31.000|2015/01/30 02:53:30.000|205|6970|162378|n5 n1 n3 n0||
150129_0310|2015/01/29 03:10:47.000|2015/01/30 03:11:44.000|2015/01/30 03:16:14.000|328|8945|206572|n0 n1 n3 n6||15012908
150129_0422|2015/01/29 04:22:07.000|2015/01/30 04:22:36.000|2015/01/30 04:25:36.000|209|2037|58601|n5 n1 n3 n4||
150129_0428|2015/01/29 04:28:16.000|2015/01/30 04:30:27.000|2015/01/30 04:39:32.000|676|3880|238749|n5 n4 n2 n3||
150129_0553|2015/01/29 05:53:24.000|2015/01/30 05:58:31.000|2015/01/30 06:02:32.000|549|785|73725|n5 n4 n2 n3||
150129_0627|2015/01/29 06:27:48.000|2015/01/30 06:28:33.000|2015/01/30 06:29:10.000|82|1854|23137|n0 n1 n3 n6||15012917
150129_0920|2015/01/29 09:20:31.000|2015/01/30 09:21:12.000|2015/01/30 09:22:50.000|139|3415|46383|n0 n1 n3 n5||
150129_0955|2015/01/29 09:55:36.000|2015/01/30 09:56:26.000|2015/01/30 09:59:38.000|242|9809|133827|n5 n1 n3 n0||15012930
150129_1038|2015/01/29 10:38:37.000|2015/01/30 10:39:06.000|2015/01/30 10:41:21.000|164|1756|40263|n5 n1 n3 n4||
150129_1134|2015/01/29 11:34:48.000|2015/01/30 11:37:21.000|2015/01/30 11:38:45.000|237|45289|6288637|n5 n4 n2 n3|bn150129483|15012934
150129_1220|2015/01/29 12:20:28.000|2015/01/30 12:22:31.000|2015/01/30 12:31:28.000|660|13690|2770644|n5 n1 n3 n4|bn150129515|15012935
150129_1414|2015/01/29 14:14:08.000|2015/01/30 14:14:49.000|2015/01/30 14:17:33.000|205|3510|87342|n5 n3 n1 n4||15012939
150129_2010|2015/01/29 20:10:32.000|2015/01/30 20:15:52.000|2015/01/30 20:23:35.000|782|1495|143927|n5 n1 n3 n4||15012964
150129_2342|2015/01/29 23:42:55.000|2015/01/30 23:45:18.000|2015/01/30 23:57:15.000|860|41202|1380047|n5 n3 n1 n4||15012973
150130_0056|2015/01/30 00:56:35.000|2015/01/31 00:56:43.000|2015/01/31 01:16:47.000|1212|2009|239604|n5 n4 n2 n3||15013002
150130_0118|2015/01/30 01:18:17.000|2015/01/31 01:22:56.000|2015/01/31 01:33:02.000|885|656|111403|n0 n1 n3 n6||15013003
150130_0453|2015/01/30 04:53:31.000|2015/01/31 04:54:00.000|2015/01/31 04:59:36.000|365|1057|46752|n1 n3 n5 n0||15013016
150130_0542|2015/01/30 05:42:35.000|2015/01/31 06:00:07.000|2015/01/31 06:35:21.000|3166|10455|2467407|n5 n3 n1 n4||15013018
150130_0734|2015/01/30 07:34:12.000|2015/01/31 07:37:27.000|2015/01/31 07:39:00.000|288|16602|671468|n0 n1 n3 n5|bn150130318|
150130_1212|2015/01/30 12:12:37.000|2015/01/31 12:14:41.000|2015/01/31 12:32:49.000|1212|123232|18927150|n5 n4 n2 n3|bn150130509|15013025
150130_1746|2015/01/30 17:46:03.000|2015/01/31 17:46:15.000|2015/01/31 17:46:56.000|53|2530|26002|n5 n1 n3 n4||15013038
150201_0844|2015/02/01 08:44:36.000|2015/02/02 08:44:57.000|2015/02/02 08:46:39.000|123|1402|31936|n5 n3 n1 n4||15020112
150201_2121|2015/02/01 21:21:49.000|2015/02/02 21:24:00.000|2015/02/02 21:26:56.000|307|1136|54372|n0 n3 n1 n6||15020145
150202_0400|2015/02/02 04:00:20.000|2015/02/03 04:00:48.000|2015/02/03 04:01:21.000|61|2955|30960|n3 n1 n5 n0||15020207
150202_2304|2015/02/02 23:04:19.000|2015/02/03 23:07:20.000|2015/02/03 23:13:12.000|532|1210|131853|n5 n3 n1 n0||15020240
150203_2105|2015/02/03 21:05:45.000|2015/02/04 21:06:09.000|2015/02/04 21:09:54.000|250|2217|70131|n5 n3 n1 n4||15020345
150203_2253|2015/02/03 22:53:41.000|2015/02/04 22:54:30.000|2015/02/04 23:00:18.000|397|1554|83329|n1 n3 n0 n5||15020349
150204_0210|2015/02/04 02:10:47.000|2015/02/05 02:13:36.000|2015/02/05 02:26:27.000|940|56811|8792452|n1 n3 n0 n5|bn150204092|15020409
150204_1005|2015/02/04 10:05:18.000|2015/02/05 10:05:49.000|2015/02/05 10:08:21.000|183|9507|363325|n5 n3 n1 n0|bn150204421|15020423
150205_0947|2015/02/05 09:47:50.000|2015/02/06 09:50:34.000|2015/02/06 09:57:19.000|569|2282|160440|n1 n3 n5 n0||15020518
150208_1046|2015/02/08 10:46:58.000|2015/02/09 10:47:39.000|2015/02/09 10:47:47.000|49|849|10103|n5 n1 n3 n4||
150209_0558|2015/02/09 05:58:01.000|2015/02/10 06:08:32.000|2015/02/10 06:10:23.000|741|1512|177278|n5 n1 n3 n0||15020919
150209_1824|2015/02/09 18:24:49.000|2015/02/10 18:26:03.000|2015/02/10 18:34:15.000|565|1572|117976|n5 n1 n3 n4||
150209_2305|2015/02/09 23:05:11.000|2015/02/10 23:25:07.000|2015/02/10 23:55:10.000|2998|21352|6771145|n3 n1 n0 n5||15020943
150210_0040|2015/02/10 00:40:32.000|2015/02/11 01:12:54.000|2015/02/11 01:21:34.000|2462|838|348106|n5 n1 n3 n0||15021001
150210_0418|2015/02/10 04:18:06.000|2015/02/11 04:19:24.000|2015/02/11 04:22:57.000|291|1552|74581|n5 n1 n3 n0||15021010
150212_0208|2015/02/12 02:08:46.000|2015/02/13 02:10:36.000|2015/02/13 02:20:39.000|713|23021|757386|n5 n3 n1 n0||15021201
150212_0407|2015/02/12 04:07:53.000|2015/02/13 04:08:26.000|2015/02/13 04:09:03.000|70|6315|37967|n5 n1 n3 n0||15021204
150218_2204|2015/02/18 22:04:21.000|2015/02/19 22:08:02.000|2015/02/19 22:12:28.000|487|3089|202633|n5 n1 n3 n0||15021820
150219_0056|2015/02/19 00:56:14.000|2015/02/20 00:56:43.000|2015/02/20 00:57:57.000|102|3725|48716|n5 n1 n3 n4||
150220_1506|2015/02/20 15:06:28.000|2015/02/21 15:08:15.000|2015/02/21 15:10:34.000|246|3460|128740|n5 n1 n3 n0||
150220_2012|2015/02/20 20:12:41.000|2015/02/21 20:13:09.000|2015/02/21 20:14:23.000|102|1524|27134|n3 n1 n0 n5||15022054
150221_0040|2015/02/21 00:40:50.000|2015/02/22 00:41:19.000|2015/02/22 00:42:00.000|70|2531|22842|n5 n1 n3 n0||
150221_0519|2015/02/21 05:19:31.000|2015/02/22 05:19:31.000|2015/02/22 05:22:11.000|160|11577|334822|n5 n3 n1 n4||
150228_0931|2015/02/28 09:31:03.000|2015/03/01 09:31:28.000|2015/03/01 09:44:26.000|803|664|89406|n5 n4 n3 n1||15022820
150302_0301|2015/03/02 03:01:00.000|2015/03/03 03:01:21.000|2015/03/03 03:01:49.000|49|1193|7558|n5 n4 n2 n3||15030223
150302_0552|2015/03/02 05:52:58.000|2015/03/03 05:54:08.000|2015/03/03 05:58:30.000|332|4507|137819|n5 n3 n1 n4||15030224
150302_0706|2015/03/02 07:06:07.000|2015/03/03 07:07:24.000|2015/03/03 07:16:09.000|602|7281|188388|n1 n3 n0 n5||
150302_0743|2015/03/02 07:43:52.000|2015/03/03 07:46:27.000|2015/03/03 07:49:11.000|319|13560|524481|n5 n1 n3 n4||15030231
150302_0839|2015/03/02 08:39:26.000|2015/03/03 08:40:28.000|2015/03/03 08:44:42.000|315|1389|68075|n5 n4 n3 n1||
150302_1026|2015/03/02 10:26:38.000|2015/03/03 10:32:55.000|2015/03/03 10:51:25.000|1487|3943|408609|n0 n1 n3 n6||15030235
150302_1157|2015/03/02 11:57:27.000|2015/03/03 11:59:01.000|2015/03/03 12:01:37.000|250|1047|52578|n5 n3 n1 n4||
150302_1506|2015/03/02 15:06:31.000|2015/03/03 15:26:11.000|2015/03/03 15:45:50.000|2359|297578|83620360|n5 n3 n1 n4|bn150302640|15030245
150302_1932|2015/03/02 19:32:12.000|2015/03/03 19:32:17.000|2015/03/03 19:59:31.000|1638|61520|2141205|n5 n4 n2 n3||15030256
150302_2303|2015/03/02 23:03:18.000|2015/03/03 23:11:33.000|2015/03/03 23:29:02.000|1544|18800|1377150|n0 n1 n3 n6||15030264
150303_0021|2015/03/03 00:21:09.000|2015/03/04 00:25:52.000|2015/03/04 00:30:22.000|553|7399|392640|n5 n3 n1 n4||
150303_0153|2015/03/03 01:53:31.000|2015/03/04 02:00:58.000|2015/03/04 02:04:14.000|643|676|74437|n5 n4 n2 n3||
150303_0213|2015/03/03 02:13:11.000|2015/03/04 02:21:43.000|2015/03/04 02:32:59.000|1188|3836|394906|n0 n1 n3 n6||15030306
150303_1324|2015/03/03 13:24:06.000|2015/03/04 13:31:00.000|2015/03/04 13:50:52.000|1606|7019|758151|n5 n3 n1 n4||15030336
150304_1013|2015/03/04 10:13:20.000|2015/03/05 10:16:53.000|2015/03/05 10:21:11.000|471|993|80158|n0 n1 n3 n6||
150305_0943|2015/03/05 09:43:50.000|2015/03/06 09:45:36.000|2015/03/06 09:57:08.000|799|1841|210073|n5 n4 n2 n3||
150305_1759|2015/03/05 17:59:22.000|2015/03/06 18:05:28.000|2015/03/06 18:19:58.000|1237|19374|7659224|n0 n1 n3 n6|bn150305751|15030547
150305_1945|2015/03/05 19:45:48.000|2015/03/06 19:53:09.000|2015/03/06 19:57:47.000|719|3150|202339|n5 n4 n2 n3||
150305_2246|2015/03/05 22:46:44.000|2015/03/06 22:47:41.000|2015/03/06 22:57:15.000|631|4247|222098|n5 n3 n1 n4||15030556
150306_0148|2015/03/06 01:48:37.000|2015/03/07 01:53:28.000|2015/03/07 01:58:18.000|582|2662|259166|n5 n3 n1 n4||15030605
150306_0435|2015/03/06 04:35:38.000|2015/03/07 04:37:25.000|2015/03/07 05:32:35.000|3416|56410|14649552|n5 n1 n3 n4||15030612
150306_0656|2015/03/06 06:56:01.000|2015/03/07 06:58:41.000|2015/03/07 07:10:01.000|840|2834|302063|n5 n1 n3 n0||15030614
150306_1549|2015/03/06 15:49:31.000|2015/03/07 15:50:12.000|2015/03/07 15:51:58.000|147|12990|153652|n5 n1 n3 n4||15030637
150306_1600|2015/03/06 16:00:43.000|2015/03/07 16:01:44.000|2015/03/07 16:03:22.000|160|2700|86753|n0 n1 n3 n6||
150306_2108|2015/03/06 21:08:15.000|2015/03/07 21:08:48.000|2015/03/07 21:10:51.000|156|5910|132689|n5 n4 n3 n1||15030644
150307_0634|2015/03/07 06:34:31.000|2015/03/08 06:36:05.000|2015/03/08 06:37:14.000|164|1445|46895|n5 n3 n1 n4||15030707
150307_1359|2015/03/07 13:59:45.000|2015/03/08 14:00:47.000|2015/03/08 14:03:18.000|213|439|17836|n5 n4 n2 n3||
150307_1410|2015/03/07 14:10:57.000|2015/03/08 14:45:09.000|2015/03/08 14:50:53.000|2396|1239|267307|n1 n3 n5 n0||15030722
150307_1541|2015/03/07 15:41:20.000|2015/03/08 16:03:32.000|2015/03/08 16:32:20.000|3060|859|391877|n5 n3 n1 n4||15030727
150307_1707|2015/03/07 17:07:09.000|2015/03/08 17:12:00.000|2015/03/08 17:13:05.000|356|481|27217|n5 n4 n2 n3||15030729
150307_1727|2015/03/07 17:27:26.000|2015/03/08 17:28:03.000|2015/03/08 17:32:04.000|279|271|13402|n0 n1 n3 n6||
150307_1739|2015/03/07 17:39:59.000|2015/03/08 17:53:06.000|2015/03/08 17:54:28.000|868|1016|46961|n1 n3 n0 n5||15030734
150307_1852|2015/03/07 18:52:42.000|2015/03/08 19:11:32.000|2015/03/08 19:42:07.000|2966|642|316151|n5 n3 n1 n4||15030739
150307_2017|2015/03/07 20:17:54.000|2015/03/08 20:21:39.000|2015/03/08 20:24:14.000|381|370|24511|n5 n4 n2 n1||15030740
150307_2038|2015/03/07 20:38:10.000|2015/03/08 20:41:19.000|2015/03/08 20:42:55.000|286|430|69046|n0 n1 n3 n6|bn150307858|
150307_2057|2015/03/07 20:57:35.000|2015/03/08 20:58:24.000|2015/03/08 21:04:24.000|410|331|22260|n0 n1 n3 n6||15030744
150307_2153|2015/03/07 21:53:12.000|2015/03/08 22:12:37.000|2015/03/08 22:49:18.000|3366|293426|259943488|n5 n4 n3 n2|bn150307912|15030747
150307_2328|2015/03/07 23:28:35.000|2015/03/08 23:33:17.000|2015/03/08 00:16:06.000|2851|806|261539|n5 n4 n2 n3||15030748
150309_0013|2015/03/09 00:13:32.000|2015/03/10 00:14:28.000|2015/03/10 00:15:25.000|113|20593|594369|n5 n4 n2 n3|bn150309010|
150309_0112|2015/03/09 01:12:37.000|2015/03/10 01:13:18.000|2015/03/10 01:15:12.000|156|5158|53340|n0 n1 n3 n5||15030901
150309_0254|2015/03/09 02:54:56.000|2015/03/10 02:55:21.000|2015/03/10 02:56:10.000|74|2416|26102|n5 n3 n1 n4||15030905
150309_0417|2015/03/09 04:17:25.000|2015/03/10 04:17:54.000|2015/03/10 04:19:40.000|135|5884|65806|n3 n1 n5 n0||15030909
150309_0547|2015/03/09 05:47:08.000|2015/03/10 05:48:17.000|2015/03/10 05:54:38.000|451|2545|129413|n5 n4 n1 n3||15030915
150309_0556|2015/03/09 05:56:49.000|2015/03/10 06:04:12.000|2015/03/10 06:04:40.000|471|895|78403|n5 n3 n1 n4||15030917
150309_1116|2015/03/09 11:16:07.000|2015/03/10 11:16:35.000|2015/03/10 11:17:45.000|98|3578|30812|n5 n1 n3 n0||
150309_1424|2015/03/09 14:24:52.000|2015/03/10 14:31:53.000|2015/03/10 14:37:29.000|756|713236|143119072|n5 n1 n3 n0|bn150309603|
150309_1738|2015/03/09 17:38:40.000|2015/03/10 17:40:40.000|2015/03/10 17:48:07.000|568|124264|11452036|n5 n1 n3 n0|bn150309736|
150309_2331|2015/03/09 23:31:24.000|2015/03/10 23:48:12.000|2015/03/10 00:03:51.000|1947|279784|207647904|n0 n1 n3 n6|bn150309991|15030968
150310_0054|2015/03/10 00:54:15.000|2015/03/11 00:54:44.000|2015/03/11 00:56:11.000|115|2868|81075|n5 n4 n2 n3|bn150310038|15031002
150310_0421|2015/03/10 04:21:43.000|2015/03/11 04:23:08.000|2015/03/11 04:28:19.000|396|82198|3983245|n5 n3 n1 n4|bn150310182|
150310_0724|2015/03/10 07:24:34.000|2015/03/11 07:26:04.000|2015/03/11 07:28:40.000|246|13568|572904|n5 n3 n1 n4|bn150310308|15031023
150310_2308|2015/03/10 23:08:59.000|2015/03/11 23:10:13.000|2015/03/11 23:16:34.000|455|8363|278781|n5 n4 n2 n3||15031074
150310_2319|2015/03/10 23:19:06.000|2015/03/11 23:22:47.000|2015/03/11 23:30:05.000|659|5223|353161|n5 n3 n1 n4||
150310_2347|2015/03/10 23:47:38.000|2015/03/11 23:50:30.000|2015/03/11 23:52:25.000|287|3057|119554|n5 n4 n2 n3||15031075
150311_0034|2015/03/11 00:34:41.000|2015/03/12 00:35:50.000|2015/03/12 00:37:49.000|188|584|19802|n5 n4 n2 n3||15031102
150311_0040|2015/03/11 00:40:41.000|2015/03/12 00:41:22.000|2015/03/12 00:43:54.000|193|1890|44197|n5 n4 n2 n3||15031103
150311_0214|2015/03/11 02:14:48.000|2015/03/12 02:16:34.000|2015/03/12 02:21:21.000|393|4929|175873|n5 n1 n3 n4||15031112
150311_0554|2015/03/11 05:54:02.000|2015/03/12 05:54:34.000|2015/03/12 05:55:24.000|82|1274|20245|n5 n3 n1 n4||
150311_0606|2015/03/11 06:06:31.000|2015/03/12 06:07:08.000|2015/03/12 06:12:07.000|336|4279|112275|n5 n4 n2 n3||
150311_0712|2015/03/11 07:12:56.000|2015/03/12 07:17:46.000|2015/03/12 07:56:11.000|2595|206195|43331372|n0 n1 n3 n6|bn150311301|
150311_1141|2015/03/11 11:41:59.000|2015/03/12 11:46:17.000|2015/03/12 11:53:11.000|672|1522|113759|n5 n1 n3 n4||15031136
150311_1154|2015/03/11 11:54:33.000|2015/03/12 11:57:17.000|2015/03/12 12:01:30.000|418|1955|95401|n5 n4 n2 n3||
150311_1205|2015/03/11 12:05:40.000|2015/03/12 12:06:30.000|2015/03/12 12:10:56.000|315|1487|75358|n5 n3 n1 n4||
150311_1516|2015/03/11 15:16:53.000|2015/03/12 15:17:30.000|2015/03/12 15:18:44.000|111|1938|34203|n5 n3 n1 n4||
150311_1628|2015/03/11 16:28:02.000|2015/03/12 16:28:14.000|2015/03/12 17:13:05.000|2703|156957|18106538|n5 n4 n2 n3||15031149
150311_1839|2015/03/11 18:39:02.000|2015/03/12 18:48:42.000|2015/03/12 18:48:43.000|581|22158|4256546|n5 n4 n2 n3|bn150311778|15031154
150311_2317|2015/03/11 23:17:28.000|2015/03/12 23:35:34.000|2015/03/12 23:41:06.000|1417|12298|1109479|n1 n3 n5 n0||15031169
150312_0100|2015/03/12 01:00:42.000|2015/03/13 01:01:11.000|2015/03/13 01:02:41.000|119|3760|38240|n5 n3 n1 n4||
150312_0212|2015/03/12 02:12:12.000|2015/03/13 02:14:03.000|2015/03/13 02:26:40.000|868|21755|1252886|n1 n3 n5 n0||
150312_0348|2015/03/12 03:48:49.000|2015/03/13 03:56:12.000|2015/03/13 03:57:46.000|537|702|80232|n5 n3 n1 n4||
150312_0726|2015/03/12 07:26:54.000|2015/03/13 07:28:20.000|2015/03/13 07:35:02.000|487|2000|145319|n5 n4 n3 n1||
150312_0830|2015/03/12 08:30:55.000|2015/03/13 08:31:24.000|2015/03/13 08:31:53.000|57|2172|5042|n5 n1 n3 n0||
150312_1140|2015/03/12 11:40:11.000|2015/03/13 11:45:41.000|2015/03/13 12:21:46.000|2495|96879|42253784|n1 n3 n5 n0|bn150312490|15031233
150312_1351|2015/03/12 13:51:04.000|2015/03/13 14:05:57.000|2015/03/13 14:07:27.000|984|190306|28342310|n5 n4 n2 n3|bn150312586|15031236
150312_1949|2015/03/12 19:49:59.000|2015/03/13 19:50:37.000|2015/03/13 19:51:28.000|89|9174|187915|n5 n3 n1 n4|bn150312827|
150312_2146|2015/03/12 21:46:29.000|2015/03/13 21:48:58.000|2015/03/13 21:50:58.000|269|413716|58248712|n1 n3 n0 n5|bn150312908|15031256
150312_2255|2015/03/12 22:55:47.000|2015/03/13 22:57:12.000|2015/03/13 23:01:50.000|363|11202|721884|n5 n3 n1 n4|bn150312956|
150312_2326|2015/03/12 23:26:14.000|2015/03/13 23:26:38.000|2015/03/13 23:29:51.000|217|1943|50419|n5 n4 n2 n3||
150313_0104|2015/03/13 01:04:02.000|2015/03/14 01:04:39.000|2015/03/14 01:06:18.000|135|11474|76597|n5 n1 n3 n0||15031303
150313_0349|2015/03/13 03:49:13.000|2015/03/14 03:53:44.000|2015/03/14 04:17:37.000|1704|76094|7009904|n0 n1 n3 n6||
150313_0550|2015/03/13 05:50:40.000|2015/03/14 05:52:45.000|2015/03/14 06:00:36.000|596|40021|4030268|n5 n4 n2 n3||15031312
150313_0734|2015/03/13 07:34:14.000|2015/03/14 07:35:16.000|2015/03/14 07:35:55.000|101|50074|2112050|n5 n1 n3 n4|bn150313316|15031314
150314_0147|2015/03/14 01:47:12.000|2015/03/15 01:49:46.000|2015/03/15 01:54:11.000|419|7288|1098979|n5 n1 n3 n0||
150314_0409|2015/03/14 04:09:13.000|2015/03/15 04:09:42.000|2015/03/15 04:10:14.000|61|1306|11641|n5 n4 n2 n3||15031407
150314_0505|2015/03/14 05:05:27.000|2015/03/15 05:06:08.000|2015/03/15 05:07:28.000|121|8372|269958|n5 n4 n2 n1|bn150314212|
150314_0818|2015/03/14 08:18:06.000|2015/03/15 08:19:45.000|2015/03/15 08:26:38.000|512|992|71778|n1 n3 n0 n5||
150314_1150|2015/03/14 11:50:21.000|2015/03/15 11:52:49.000|2015/03/15 11:56:46.000|385|3085|153442|n1 n3 n0 n5||
150314_1323|2015/03/14 13:23:32.000|2015/03/15 13:24:05.000|2015/03/15 13:26:37.000|184|7148|115187|n5 n3 n1 n4||
150314_1914|2015/03/14 19:14:13.000|2015/03/15 19:14:33.000|2015/03/15 19:15:59.000|106|2870|33180|n5 n1 n3 n4||
150314_2047|2015/03/14 20:47:17.000|2015/03/15 20:47:41.000|2015/03/15 20:48:35.000|78|1613|18451|n5 n4 n2 n3||
150315_0039|2015/03/15 00:39:36.000|2015/03/16 00:40:21.000|2015/03/16 00:41:59.000|143|1710|32577|n5 n1 n3 n0||15031504
150315_0130|2015/03/15 01:30:09.000|2015/03/16 02:13:17.000|2015/03/16 02:21:40.000|3091|6979|731327|n5 n3 n1 n4|bn150315093|15031509
150315_1018|2015/03/15 10:18:18.000|2015/03/16 10:19:28.000|2015/03/16 10:21:22.000|184|1769|46255|n5 n1 n3 n4||15031529
150315_1132|2015/03/15 11:32:47.000|2015/03/16 11:45:49.000|2015/03/16 12:01:15.000|1708|10123|1114336|n5 n3 n1 n4||15031531
150315_2244|2015/03/15 22:44:53.000|2015/03/16 22:54:12.000|2015/03/16 22:56:33.000|700|49889|10399639|n5 n1 n3 n0|bn150315948|15031545
150315_2347|2015/03/15 23:47:39.000|2015/03/16 00:02:24.000|2015/03/16 00:21:27.000|2028|1212|414584|n5 n3 n1 n4||15031547
150316_0820|2015/03/16 08:20:48.000|2015/03/17 08:20:48.000|2015/03/17 08:22:34.000|106|1996|35347|n1 n3 n0 n5||15031617
150316_0948|2015/03/16 09:48:40.000|2015/03/17 09:52:21.000|2015/03/17 09:55:17.000|397|1854|106681|n5 n3 n1 n0||15031620
150316_1051|2015/03/16 10:51:53.000|2015/03/17 10:59:03.000|2015/03/17 11:26:54.000|2101|31972|5683322|n5 n4 n2 n3||15031623
150316_1258|2015/03/16 12:58:11.000|2015/03/17 12:58:11.000|2015/03/17 12:58:43.000|33|1915|10924|n5 n3 n1 n0||15031629
150316_2039|2015/03/16 20:39:12.000|2015/03/17 20:43:13.000|2015/03/17 20:59:23.000|1211|72682|11870305|n1 n3 n0 n5|bn150316863|15031648
150317_0150|2015/03/17 01:50:45.000|2015/03/18 01:51:22.000|2015/03/18 01:53:08.000|143|5654|66358|n5 n3 n1 n4||15031705
150317_2328|2015/03/17 23:28:32.000|2015/03/18 23:30:46.000|2015/03/18 23:50:36.000|1325|32725|3093420|n5 n1 n3 n4|bn150317979|15031744
150318_0503|2015/03/18 05:03:05.000|2015/03/19 05:03:46.000|2015/03/19 05:06:05.000|180|2613|56132|n5 n1 n3 n4||
150318_0742|2015/03/18 07:42:34.000|2015/03/19 07:46:27.000|2015/03/19 08:01:00.000|1106|14839|1480681|n5 n1 n3 n4||15031817
150318_0947|2015/03/18 09:47:46.000|2015/03/19 09:49:16.000|2015/03/19 09:52:20.000|274|1335|42556|n5 n4 n2 n3||
150318_1035|2015/03/18 10:35:50.000|2015/03/19 10:36:43.000|2015/03/19 10:37:16.000|86|959|7897|n5 n1 n3 n4||15031821
150318_1248|2015/03/18 12:48:36.000|2015/03/19 12:50:27.000|2015/03/19 12:51:20.000|164|1923|43396|n5 n3 n1 n4||
150318_1253|2015/03/18 12:53:40.000|2015/03/19 12:54:25.000|2015/03/19 12:55:55.000|135|3620|46079|n5 n3 n1 n4||
150318_1422|2015/03/18 14:22:41.000|2015/03/19 14:23:30.000|2015/03/19 14:24:48.000|127|1727|34590|n5 n1 n3 n0||
150318_1608|2015/03/18 16:08:07.000|2015/03/19 16:10:06.000|2015/03/19 16:15:41.000|455|7975|267415|n5 n4 n2 n3||
150319_0129|2015/03/19 01:29:18.000|2015/03/20 01:30:08.000|2015/03/20 01:31:58.000|160|2276|43958|n5 n3 n1 n0||
150319_1235|2015/03/19 12:35:33.000|2015/03/20 12:36:02.000|2015/03/20 12:36:47.000|74|2093|23615|n5 n1 n3 n0||
150320_0059|2015/03/20 00:59:15.000|2015/03/21 01:19:15.000|2015/03/21 01:37:04.000|2269|6538|1530879|n5 n1 n3 n0||15032003
150323_0723|2015/03/23 07:23:03.000|2015/03/24 07:23:08.000|2015/03/24 07:23:28.000|25|1681|9123|n5 n3 n1 n4||15032305
150325_0138|2015/03/25 01:38:31.000|2015/03/26 01:39:16.000|2015/03/26 01:46:10.000|459|4779|188082|n5 n4 n2 n1||15032503
150325_0323|2015/03/25 03:23:19.000|2015/03/26 03:23:43.000|2015/03/26 03:24:28.000|70|2777|31229|n5 n4 n2 n1||15032509
150325_0438|2015/03/25 04:38:57.000|2015/03/26 04:43:28.000|2015/03/26 05:08:23.000|1765|28281|2344115|n5 n4 n2 n1||15032514
150325_0825|2015/03/25 08:25:44.000|2015/03/26 08:28:16.000|2015/03/26 08:30:19.000|274|4251|90668|n5 n1 n3 n4||15032518
150325_1633|2015/03/25 16:33:01.000|2015/03/26 16:33:34.000|2015/03/26 16:38:53.000|352|4574|132075|n5 n3 n1 n4||15032535
150326_0008|2015/03/26 00:08:54.000|2015/03/27 00:11:58.000|2015/03/27 00:22:54.000|840|6586|408509|n5 n1 n3 n0||15032601
150328_1605|2015/03/28 16:05:26.000|2015/03/29 16:05:55.000|2015/03/29 16:07:13.000|106|1220|17649|n5 n4 n2 n1||
150330_1535|2015/03/30 15:35:52.000|2015/03/31 15:36:25.000|2015/03/31 15:38:40.000|168|2686|55574|n5 n4 n2 n1||
150330_2147|2015/03/30 21:47:08.000|2015/03/31 21:48:17.000|2015/03/31 21:53:49.000|401|2043|131593|n5 n1 n3 n0||
150330_2207|2015/03/30 22:07:18.000|2015/03/31 22:07:26.000|2015/03/31 22:07:55.000|37|187|1523|n5 n1 n3 n0||15033045
150406_1845|2015/04/06 18:45:22.000|2015/04/07 18:48:50.000|2015/04/07 18:52:07.000|406|1694|106168|n5 n1 n3 n4||15040622
150406_1905|2015/04/06 19:05:21.000|2015/04/07 19:05:29.000|2015/04/07 19:06:43.000|82|4219|28781|n5 n1 n3 n4||
150409_0726|2015/04/09 07:26:15.000|2015/04/10 07:26:52.000|2015/04/10 07:27:53.000|98|7416|60440|n5 n1 n3 n4||
150409_1715|2015/04/09 17:15:56.000|2015/04/10 17:16:57.000|2015/04/10 17:18:19.000|143|9076|146285|n5 n4 n2 n1||15040911
150410_1922|2015/04/10 19:22:35.000|2015/04/11 19:23:24.000|2015/04/11 19:25:02.000|147|6956|63522|n5 n4 n2 n1||
150411_0230|2015/04/11 02:30:57.000|2015/04/12 02:33:25.000|2015/04/12 02:39:50.000|532|11122|618266|n5 n3 n1 n4||15041101
150412_0026|2015/04/12 00:26:34.000|2015/04/13 00:28:19.000|2015/04/13 00:31:37.000|303|4431|405424|n0 n3 n1 n5|bn150412020|
150412_0812|2015/04/12 08:12:57.000|2015/04/13 08:14:36.000|2015/04/13 08:24:13.000|676|11664|558535|n5 n1 n3 n0||15041201
150412_0946|2015/04/12 09:46:22.000|2015/04/13 09:46:30.000|2015/04/13 10:25:45.000|2363|7427|1456455|n3 n1 n5 n0||15041202
150412_1442|2015/04/12 14:42:37.000|2015/04/13 14:45:37.000|2015/04/13 14:46:51.000|254|1490|61331|n5 n1 n3 n0||15041204
150412_1800|2015/04/12 18:00:06.000|2015/04/13 18:03:27.000|2015/04/13 18:09:52.000|586|37956|1347174|n5 n1 n3 n0||15041206
150412_1917|2015/04/12 19:17:27.000|2015/04/13 19:18:20.000|2015/04/13 19:20:02.000|156|4224|59326|n3 n1 n5 n0||
150412_1935|2015/04/12 19:35:12.000|2015/04/13 19:36:17.000|2015/04/13 19:39:50.000|279|10242|217611|n3 n1 n0 n5||15041207
150412_2217|2015/04/12 22:17:16.000|2015/04/13 22:18:17.000|2015/04/13 22:20:35.000|199|2112|60069|n5 n3 n1 n4||
150413_0637|2015/04/13 06:37:36.000|2015/04/14 06:38:21.000|2015/04/14 06:39:59.000|143|6282|69826|n5 n1 n3 n0||
150413_0823|2015/04/13 08:23:47.000|2015/04/14 08:26:31.000|2015/04/14 08:30:45.000|418|18260|453533|n5 n3 n1 n0||15041302
150413_1010|2015/04/13 10:10:48.000|2015/04/14 10:11:17.000|2015/04/14 10:11:54.000|66|1324|11094|n5 n4 n2 n1||15041303
150413_1132|2015/04/13 11:32:35.000|2015/04/14 11:33:56.000|2015/04/14 11:35:56.000|200|5205|145735|n5 n3 n1 n0|bn150413482|15041304
150415_2015|2015/04/15 20:15:18.000|2015/04/16 20:20:16.000|2015/04/16 20:44:47.000|1769|39238|6695497|n5 n3 n1 n0|bn150415847|15041501
150416_0549|2015/04/16 05:49:51.000|2015/04/17 05:49:51.000|2015/04/17 05:52:39.000|168|1950|57485|n5 n3 n1 n0||15041602
150416_0602|2015/04/16 06:02:41.000|2015/04/17 06:03:39.000|2015/04/17 06:04:40.000|119|1699|34439|n3 n1 n5 n0||15041603
150416_0902|2015/04/16 09:02:09.000|2015/04/17 09:03:19.000|2015/04/17 09:12:35.000|626|50249|4484583|n5 n3 n1 n0|bn150416377|15041609
150416_0917|2015/04/16 09:17:01.000|2015/04/17 09:17:52.000|2015/04/17 09:19:50.000|169|27168|700166|n3 n1 n5 n0|bn150416387|15041610
150416_1357|2015/04/16 13:57:26.000|2015/04/17 13:57:38.000|2015/04/17 13:59:29.000|123|1556|31570|n1 n3 n0 n5||
150416_1914|2015/04/16 19:14:13.000|2015/04/17 19:15:06.000|2015/04/17 19:15:43.000|90|498|7695|n5 n4 n2 n3||
150418_1334|2015/04/18 13:34:08.000|2015/04/19 13:34:57.000|2015/04/19 13:38:09.000|242|5812|111197|n1 n3 n0 n5||15041820
150418_1405|2015/04/18 14:05:28.000|2015/04/19 14:07:35.000|2015/04/19 14:09:01.000|213|1578|51312|n5 n4 n2 n1||
150418_1812|2015/04/18 18:12:27.000|2015/04/19 18:14:47.000|2015/04/19 18:20:35.000|487|3646|175411|n5 n3 n1 n0||
150418_1822|2015/04/18 18:22:30.000|2015/04/19 18:23:23.000|2015/04/19 18:26:03.000|213|1409|47219|n5 n3 n1 n0||
150418_1830|2015/04/18 18:30:33.000|2015/04/19 18:31:02.000|2015/04/19 18:32:03.000|90|1107|19861|n5 n3 n1 n0||
150418_2142|2015/04/18 21:42:07.000|2015/04/19 21:42:39.000|2015/04/19 21:43:20.000|74|5445|61002|n5 n3 n1 n0||
150419_0054|2015/04/19 00:54:37.000|2015/04/20 00:55:26.000|2015/04/20 00:58:06.000|209|17546|196935|n5 n3 n1 n0||
150420_2113|2015/04/20 21:13:06.000|2015/04/21 21:13:35.000|2015/04/21 21:14:49.000|102|1275|26076|n5 n3 n1 n0||
150421_0710|2015/04/21 07:10:50.000|2015/04/22 07:16:26.000|2015/04/22 07:16:46.000|356|12845|481721|n5 n4 n2 n3||15042121
150421_0956|2015/04/21 09:56:19.000|2015/04/22 09:58:06.000|2015/04/22 10:04:35.000|496|3658|205555|n5 n3 n1 n0||15042136
150421_1017|2015/04/21 10:17:58.000|2015/04/22 10:24:47.000|2015/04/22 10:27:34.000|576|7441|751378|n5 n4 n2 n3|bn150421435|15042137
150421_1149|2015/04/21 11:49:37.000|2015/04/22 11:53:45.000|2015/04/22 12:02:43.000|786|202401|41434332|n5 n1 n3 n4|bn150421494|15042141
150421_1549|2015/04/21 15:49:51.000|2015/04/22 15:49:51.000|2015/04/22 16:01:03.000|672|19608|683119|n5 n4 n2 n1||15042150
150421_2052|2015/04/21 20:52:16.000|2015/04/22 20:55:33.000|2015/04/22 21:06:41.000|864|9589|586543|n1 n3 n0 n5||
150422_0024|2015/04/22 00:24:26.000|2015/04/23 00:25:03.000|2015/04/23 00:25:43.000|78|2460|25792|n1 n3 n0 n5||15042203
150422_0140|2015/04/22 01:40:21.000|2015/04/23 01:41:27.000|2015/04/23 01:47:40.000|438|7551|234626|n5 n3 n1 n0||
150422_0159|2015/04/22 01:59:49.000|2015/04/23 02:03:42.000|2015/04/23 02:10:32.000|643|7357|314355|n5 n3 n1 n4||15042211
150422_0216|2015/04/22 02:16:45.000|2015/04/23 02:17:13.000|2015/04/23 02:18:25.000|101|2619|102839|n5 n4 n2 n3|bn150422095|15042212
150422_0302|2015/04/22 03:02:04.000|2015/04/23 03:03:01.000|2015/04/23 03:06:30.000|266|3029|83873|n5 n4 n1 n3||
150422_0314|2015/04/22 03:14:50.000|2015/04/23 03:16:00.000|2015/04/23 03:38:44.000|1434|9552|692284|n1 n3 n0 n5||15042216
150422_0705|2015/04/22 07:05:55.000|2015/04/23 07:06:16.000|2015/04/23 07:06:30.000|35|1648|44196|n5 n4 n2 n1||15042231
150422_0800|2015/04/22 08:00:10.000|2015/04/23 08:05:30.000|2015/04/23 08:17:35.000|1044|16979|850185|n5 n3 n1 n0||15042234
150422_0830|2015/04/22 08:30:25.000|2015/04/23 08:40:47.000|2015/04/23 08:41:49.000|684|23210|982693|n5 n4 n2 n3||15042236
150423_0629|2015/04/23 06:29:17.000|2015/04/24 06:30:11.000|2015/04/24 06:32:13.000|176|2122|47746|n5 n3 n1 n0||15042324
150423_0916|2015/04/23 09:16:49.000|2015/04/24 09:32:15.000|2015/04/24 10:06:47.000|2998|9282|3808432|n5 n3 n1 n0||15042332
150423_1104|2015/04/23 11:04:38.000|2015/04/24 11:17:36.000|2015/04/24 11:23:29.000|1131|707|129996|n0 n1 n3 n5||15042335
150423_1744|2015/04/23 17:44:00.000|2015/04/24 17:44:58.000|2015/04/24 17:47:13.000|193|4011|78913|n1 n3 n0 n5||15042354
150425_1234|2015/04/25 12:34:11.000|2015/04/26 12:34:36.000|2015/04/26 12:34:53.000|41|8795|87939|n5 n3 n1 n0|bn150425524|
150428_0517|2015/04/28 05:17:20.000|2015/04/29 05:18:01.000|2015/04/29 05:19:44.000|143|1526|31568|n5 n1 n3 n0||15042803
150503_0601|2015/05/03 06:01:36.000|2015/05/04 06:02:21.000|2015/05/04 06:03:02.000|86|1242|15403|n5 n1 n3 n4||
150503_0929|2015/05/03 09:29:28.000|2015/05/04 09:29:36.000|2015/05/04 09:33:22.000|233|1069|51147|n5 n1 n3 n0||
150503_2343|2015/05/03 23:43:55.000|2015/05/04 23:46:30.000|2015/05/04 23:51:05.000|430|2083|126301|n3 n0 n1 n5||15050349
150504_0051|2015/05/04 00:51:34.000|2015/05/05 00:51:55.000|2015/05/05 01:02:58.000|684|20114|1263622|n5 n4 n2 n3||
150504_0249|2015/05/04 02:49:53.000|2015/05/05 02:53:26.000|2015/05/05 03:16:01.000|1569|146771|11865032|n3 n1 n0 n5||15050408
150504_0420|2015/05/04 04:20:27.000|2015/05/05 04:20:53.000|2015/05/05 04:22:55.000|148|11281|242573|n5 n1 n3 n0|bn150504181|
150504_1025|2015/05/04 10:25:53.000|2015/05/05 10:27:07.000|2015/05/05 10:30:40.000|287|2274|68301|n5 n4 n2 n3||
150504_1030|2015/05/04 10:30:52.000|2015/05/05 10:31:33.000|2015/05/05 10:32:06.000|74|480|4432|n5 n1 n3 n4||
150504_1659|2015/05/04 16:59:57.000|2015/05/05 17:01:56.000|2015/05/05 17:12:47.000|770|19205|915239|n5 n1 n3 n0||15050443
150505_0254|2015/05/05 02:54:21.000|2015/05/06 02:56:50.000|2015/05/06 02:57:46.000|205|5196|190658|n5 n1 n3 n0|bn150505123|15050511
150505_0301|2015/05/05 03:01:17.000|2015/05/06 03:02:34.000|2015/05/06 03:04:02.000|165|3109|208096|n5 n1 n3 n4|bn150505123|15050512
150505_0308|2015/05/05 03:08:07.000|2015/05/06 03:08:38.000|2015/05/06 03:09:06.000|59|6058|89009|n5 n4 n2 n1|bn150505131|15050513
150505_0400|2015/05/05 04:00:08.000|2015/05/06 04:02:11.000|2015/05/06 04:06:45.000|397|5363|198469|n5 n3 n1 n0||15050515
150505_0438|2015/05/05 04:38:55.000|2015/05/06 04:41:02.000|2015/05/06 04:43:37.000|283|1527|55386|n5 n3 n1 n0||15050517
150505_0758|2015/05/05 07:58:28.000|2015/05/06 07:59:26.000|2015/05/06 08:01:04.000|156|7831|687686|n5 n4 n2 n3|bn150505332|15050526
150505_0859|2015/05/05 08:59:26.000|2015/05/06 08:59:39.000|2015/05/06 08:59:50.000|24|1033|20568|n5 n1 n3 n0|bn150505373|
150505_0911|2015/05/05 09:11:38.000|2015/05/06 09:13:12.000|2015/05/06 09:22:33.000|655|6835|386986|n5 n1 n3 n0||15050527
150505_1013|2015/05/05 10:13:00.000|2015/05/06 10:13:00.000|2015/05/06 10:13:57.000|57|497|5405|n5 n4 n2 n1||
150505_1156|2015/05/05 11:56:38.000|2015/05/06 11:58:04.000|2015/05/06 11:59:42.000|184|5705|77296|n5 n4 n1 n2||
150505_1339|2015/05/05 13:39:10.000|2015/05/06 13:39:47.000|2015/05/06 13:41:17.000|127|2650|38184|n3 n1 n5 n0||
150505_1344|2015/05/05 13:44:42.000|2015/05/06 13:50:09.000|2015/05/06 14:00:05.000|923|80115|15886380|n0 n3 n1 n5|bn150505575|15050537
150505_1405|2015/05/05 14:05:33.000|2015/05/06 14:06:47.000|2015/05/06 14:09:10.000|217|2670|64900|n5 n3 n1 n0||15050538
150505_1420|2015/05/05 14:20:34.000|2015/05/06 14:22:06.000|2015/05/06 14:22:17.000|103|53597|1224743|n5 n4 n2 n3|bn150505599|15050539
150505_1516|2015/05/05 15:16:05.000|2015/05/06 15:20:03.000|2015/05/06 15:29:24.000|799|3325|188819|n5 n1 n3 n0||
150505_2135|2015/05/05 21:35:38.000|2015/05/06 21:42:48.000|2015/05/06 21:47:47.000|729|1429|173042|n5 n1 n3 n0||15050560
150505_2206|2015/05/05 22:06:38.000|2015/05/06 22:07:59.000|2015/05/06 22:08:00.000|82|441042|7764380|n5 n4 n2 n1|bn150505922|15050561
150506_0045|2015/05/06 00:45:31.000|2015/05/07 00:45:43.000|2015/05/07 00:46:12.000|41|1137|8529|n5 n1 n3 n4||15050603
150506_0224|2015/05/06 02:24:50.000|2015/05/07 02:25:39.000|2015/05/07 02:26:53.000|123|2090|38322|n3 n1 n0 n5||15050609
150506_0652|2015/05/06 06:52:14.000|2015/05/07 06:53:04.000|2015/05/07 06:55:06.000|172|2764|58239|n5 n4 n3 n1||
150506_1147|2015/05/06 11:47:09.000|2015/05/07 11:48:44.000|2015/05/07 11:53:46.000|398|209887|14964258|n5 n3 n1 n0|bn150506491|
150506_2001|2015/05/06 20:01:34.000|2015/05/07 20:01:50.000|2015/05/07 20:02:12.000|37|4656|73992|n5 n1 n3 n0||15050653
150506_2003|2015/05/06 20:03:29.000|2015/05/07 20:04:19.000|2015/05/07 20:05:01.000|92|1927|112242|n5 n1 n3 n0||15050653
150506_2010|2015/05/06 20:10:30.000|2015/05/07 20:10:42.000|2015/05/07 20:11:03.000|33|1612|35336|n5 n1 n3 n4||15050653
150507_0956|2015/05/07 09:56:46.000|2015/05/08 09:58:58.000|2015/05/08 10:17:57.000|1271|23000|1663503|n5 n3 n1 n4|bn150507416|15050729
150507_1820|2015/05/07 18:20:11.000|2015/05/08 18:20:23.000|2015/05/08 18:20:30.000|19|4970|32698|n5 n1 n3 n0|bn150507764|15050758
150507_1947|2015/05/07 19:47:54.000|2015/05/08 19:53:43.000|2015/05/08 20:02:41.000|886|29353|4038832|n0 n3 n1 n6|bn150507829|15050761
150507_2312|2015/05/07 23:12:28.000|2015/05/08 23:12:28.000|2015/05/08 23:15:03.000|156|2956|38146|n0 n3 n1 n5||
150508_0405|2015/05/08 04:05:15.000|2015/05/09 04:06:18.000|2015/05/09 04:11:40.000|386|51613|2815781|n5 n4 n2 n1|bn150508171|
150508_0940|2015/05/08 09:40:24.000|2015/05/09 09:40:28.000|2015/05/09 09:41:13.000|49|3334|12097|n5 n3 n1 n4||15050831
150508_2134|2015/05/08 21:34:28.000|2015/05/09 21:34:37.000|2015/05/09 21:34:49.000|20|7358|29891|n5 n3 n1 n0||
150509_0133|2015/05/09 01:33:20.000|2015/05/10 01:33:24.000|2015/05/10 01:34:38.000|78|285|3220|n5 n3 n1 n4||15050901
150509_0146|2015/05/09 01:46:39.000|2015/05/10 01:56:45.000|2015/05/10 02:12:31.000|1552|919|209257|n5 n1 n3 n4||15050902
150509_0802|2015/05/09 08:02:25.000|2015/05/10 08:04:36.000|2015/05/10 08:10:24.000|479|2649|179677|n5 n4 n2 n1||15050917
150510_1247|2015/05/10 12:47:05.000|2015/05/11 12:48:35.000|2015/05/11 12:52:29.000|324|2155|117344|n5 n4 n2 n1||
150511_0007|2015/05/11 00:07:29.000|2015/05/12 00:07:45.000|2015/05/12 00:08:10.000|41|1492|9528|n0 n3 n6 n1||
150512_0429|2015/05/12 04:29:48.000|2015/05/13 04:31:06.000|2015/05/13 04:33:00.000|193|2234|53497|n0 n3 n1 n6||
150512_1043|2015/05/12 10:43:12.000|2015/05/13 10:43:53.000|2015/05/13 10:45:27.000|135|1581|25457|n5 n3 n1 n0||
150513_0412|2015/05/13 04:12:22.000|2015/05/14 04:13:24.000|2015/05/14 04:14:54.000|152|2263|38114|n5 n4 n2 n1||
150513_0439|2015/05/13 04:39:08.000|2015/05/14 04:40:09.000|2015/05/14 04:41:19.000|131|943|21421|n5 n4 n2 n1||15051312
150513_0942|2015/05/13 09:42:35.000|2015/05/14 09:43:33.000|2015/05/14 09:46:58.000|263|11156|904063|n5 n3 n1 n0|bn150513405|15051313
150513_1105|2015/05/13 11:05:51.000|2015/05/14 11:09:53.000|2015/05/14 11:12:57.000|426|4338|170895|n5 n4 n2 n1||15051314
150513_1819|2015/05/13 18:19:30.000|2015/05/14 18:24:33.000|2015/05/14 18:33:33.000|844|1850|197906|n5 n4 n2 n1||15051317
150514_0728|2015/05/14 07:28:43.000|2015/05/15 07:29:14.000|2015/05/15 07:31:28.000|164|17502|561280|n0 n6 n1 n3|bn150514312|15051415
150515_0524|2015/05/15 05:24:22.000|2015/05/16 05:24:43.000|2015/05/16 05:25:24.000|61|3290|30974|n5 n3 n1 n4||15051511
150515_2324|2015/05/15 23:24:48.000|2015/05/16 23:25:21.000|2015/05/16 23:30:04.000|315|2936|99240|n5 n4 n2 n1||15051540
150519_1157|2015/05/19 11:57:09.000|2015/05/20 11:57:58.000|2015/05/20 11:59:53.000|164|1887|38860|n5 n3 n1 n0||15051910
150523_1736|2015/05/23 17:36:33.000|2015/05/24 17:36:54.000|2015/05/24 17:37:31.000|57|1288|7041|n5 n3 n1 n0||15052314
150523_1738|2015/05/23 17:38:03.000|2015/05/24 17:39:01.000|2015/05/24 17:40:51.000|168|20405|199137|n5 n3 n1 n0||15052314
150527_2129|2015/05/27 21:29:35.000|2015/05/28 21:30:00.000|2015/05/28 21:31:17.000|102|1141|24021|n5 n4 n1 n3||
150606_2229|2015/06/06 22:29:04.000|2015/06/07 22:29:04.000|2015/06/07 22:35:20.000|377|2007|98257|n5 n1 n3 n0||
150610_0132|2015/06/10 01:32:41.000|2015/06/11 01:33:22.000|2015/06/11 01:37:40.000|299|1656|85025|n5 n3 n1 n0||15061003
150610_0224|2015/06/10 02:24:41.000|2015/06/11 02:24:57.000|2015/06/11 02:28:06.000|205|1126|28214|n5 n4 n2 n3||15061004
150610_1233|2015/06/10 12:33:39.000|2015/06/11 12:34:57.000|2015/06/11 12:37:57.000|258|2558|85356|n5 n1 n3 n0||
150610_2021|2015/06/10 20:21:17.000|2015/06/11 20:22:02.000|2015/06/11 20:22:47.000|90|3848|55082|n3 n1 n5 n0||15061039
150611_0233|2015/06/11 02:33:48.000|2015/06/12 02:40:50.000|2015/06/12 02:47:27.000|819|10207|610353|n3 n1 n5 n0||15061111
150611_0556|2015/06/11 05:56:10.000|2015/06/12 05:57:49.000|2015/06/12 05:59:27.000|197|1488|51821|n3 n1 n5 n0||15061125
150611_0840|2015/06/11 08:40:17.000|2015/06/12 08:41:02.000|2015/06/12 08:41:35.000|78|797|6699|n5 n4 n2 n1||15061138
150611_0850|2015/06/11 08:50:40.000|2015/06/12 08:54:10.000|2015/06/12 09:01:23.000|643|63702|5672407|n5 n3 n1 n0|bn150611371|15061139
150611_1158|2015/06/11 11:58:07.000|2015/06/12 11:59:41.000|2015/06/12 12:03:34.000|328|14417|266046|n5 n3 n1 n0||
150611_1343|2015/06/11 13:43:27.000|2015/06/12 13:44:00.000|2015/06/12 13:45:01.000|94|1451|27300|n1 n3 n5 n0||
150611_1514|2015/06/11 15:14:23.000|2015/06/12 15:17:52.000|2015/06/12 15:23:40.000|557|17663|804535|n5 n3 n1 n0||
150611_1721|2015/06/11 17:21:13.000|2015/06/12 17:22:07.000|2015/06/12 17:23:49.000|156|1250|25134|n5 n1 n3 n4|bn150611726|15061165
150611_1724|2015/06/11 17:24:38.000|2015/06/12 17:25:15.000|2015/06/12 17:27:13.000|155|18028|659368|n5 n4 n2 n1|bn150611726|
150611_1851|2015/06/11 18:51:39.000|2015/06/12 18:51:47.000|2015/06/12 18:52:16.000|37|1621|7831|n5 n3 n1 n0||
150611_2012|2015/06/11 20:12:11.000|2015/06/12 20:16:58.000|2015/06/12 20:17:55.000|344|4351|94958|n1 n3 n5 n0||15061174
150611_2022|2015/06/11 20:22:18.000|2015/06/12 20:22:50.000|2015/06/12 20:24:41.000|143|935|26840|n5 n1 n3 n0||
150612_0046|2015/06/12 00:46:37.000|2015/06/13 00:47:10.000|2015/06/13 00:51:12.000|274|3567|136222|n5 n3 n1 n0||15061205
150612_0204|2015/06/12 02:04:38.000|2015/06/13 02:05:35.000|2015/06/13 02:08:40.000|242|1097|24626|n5 n4 n2 n3||15061210
150612_0716|2015/06/12 07:16:24.000|2015/06/13 07:17:17.000|2015/06/13 07:23:10.000|406|1734|112445|n3 n1 n0 n5||15061230
150612_1153|2015/06/12 11:53:37.000|2015/06/13 11:57:18.000|2015/06/13 12:00:10.000|393|2426|131495|n1 n3 n5 n0||
150612_1521|2015/06/12 15:21:50.000|2015/06/13 15:23:28.000|2015/06/13 15:27:25.000|336|2333|120019|n5 n1 n3 n0||15061258
150612_1532|2015/06/12 15:32:08.000|2015/06/13 15:32:56.000|2015/06/13 15:35:10.000|182|19612|647970|n5 n1 n3 n4|bn150612648|
150613_0017|2015/06/13 00:17:56.000|2015/06/14 00:32:00.000|2015/06/14 00:40:36.000|1360|18180|913036|n5 n1 n3 n0||15061302
150613_0227|2015/06/13 02:27:36.000|2015/06/14 02:36:57.000|2015/06/14 02:41:23.000|827|15958|830096|n5 n3 n1 n0||15061309
150613_0516|2015/06/13 05:16:59.000|2015/06/14 05:18:13.000|2015/06/14 05:22:35.000|336|1320|58909|n5 n3 n1 n0||15061317
150613_0532|2015/06/13 05:32:45.000|2015/06/14 05:33:55.000|2015/06/14 05:39:35.000|410|3436|142177|n3 n1 n0 n5||15061318
150613_0541|2015/06/13 05:41:46.000|2015/06/14 05:45:03.000|2015/06/14 05:46:49.000|303|925|53287|n5 n3 n1 n0||15061318
150613_0651|2015/06/13 06:51:17.000|2015/06/14 06:52:02.000|2015/06/14 07:03:10.000|713|2808|221886|n5 n1 n3 n0||15061323
150613_0718|2015/06/13 07:18:11.000|2015/06/14 07:24:30.000|2015/06/14 07:37:06.000|1136|144210|22838546|n5 n1 n3 n4|bn150613308|
150613_1026|2015/06/13 10:26:05.000|2015/06/14 10:27:10.000|2015/06/14 10:30:47.000|283|4071|132077|n5 n1 n3 n0||15061336
150613_1313|2015/06/13 13:13:44.000|2015/06/14 13:14:41.000|2015/06/14 13:17:33.000|229|1538|55785|n5 n1 n3 n0||
150613_1435|2015/06/13 14:35:02.000|2015/06/14 14:36:41.000|2015/06/14 14:38:52.000|229|5521|90805|n5 n4 n2 n1||
150613_1441|2015/06/13 14:41:48.000|2015/06/14 14:42:58.000|2015/06/14 14:43:47.000|119|1724|21365|n5 n3 n1 n4||
150613_1920|2015/06/13 19:20:54.000|2015/06/14 19:20:58.000|2015/06/14 19:21:47.000|53|591|4689|n5 n4 n2 n3||15061365
150613_2114|2015/06/13 21:14:38.000|2015/06/14 21:15:39.000|2015/06/14 21:27:48.000|791|14531|538254|n5 n3 n1 n0||
150613_2311|2015/06/13 23:11:31.000|2015/06/14 23:12:57.000|2015/06/14 23:16:34.000|303|6022|160418|n5 n1 n3 n0||
